name,category,address,phone,email,maps_url,outreach_sent,scraped_at
Bankhouse Surgery,GP surgery,"One Life Hartlepool, Park Road, Hartlepool, Cleveland, TS24 7PW",01429274800,bankhousesurgery@nhs.net,https://www.nhs.uk/services/gp-surgery/bankhouse-surgery/A81007,2026-06-18,2026-06-18T15:43:40.504081
The Langton Medical Group Whittington Branch Surgery,GP surgery,"Whittington Village Hall, Langton Crescent, Whittington, Lichfield, Staffordshire, WS14 9LR",01543440819,langton.medical@staffs.nhs.uk,https://www.nhs.uk/services/gp-surgery/the-langton-medical-group-whittington-branch-surgery/M83030001,2026-06-18,2026-06-18T14:45:12.185958
The Holbrook And Shotley Practice,GP surgery,"The Surgery, The Street, Holbrook, Ipswich, IP9 2QS",01473328263,holsho.practice@nhs.net,https://www.nhs.uk/services/gp-surgery/the-holbrook-and-shotley-practice/D83020,2026-06-18,2026-06-18T14:45:15.439668
Orthocentres Ltd,dentist,"14A CHURCH STREET, DONCASTER, SOUTH YORKSHIRE, DN3 3AL",01302831387,doncaster3-rec@mydentist.co.uk,https://www.nhs.uk/services/dentist/orthocentres-ltd/V018257,2026-06-18,2026-06-18T14:50:14.082774
King Street Dental Practice,dentist,", King Street, Odiham, Hook, Hants, RG29 1NJ",01256703251,dental.v01757@nhs.net,https://www.nhs.uk/services/dentist/king-street-dental-practice/V001757,2026-06-18,2026-06-18T14:50:16.057230
Church Street Dental Practice,dentist,"25 Church Street, Edmonton, London, N9 9DY",02088038828,csdental25@gmail.com,https://www.nhs.uk/services/dentist/church-street-dental-practice/V003422,2026-06-18,2026-06-18T14:50:16.491285
"Bupa Dental Care, Settle",dentist,"Station Road, Settle, N Yorkshire, N Yorkshire, BD24 9AA",01729823642,settle@bupadentalcare.co.uk,https://www.nhs.uk/services/dentist/bupa-dental-care-settle/V004398,2026-06-18,2026-06-18T14:50:16.755208
Wednesfield Dental Practice,dentist,"74 Lichfield Road, Wednesfield, Wolverhampton, West Midlands, WV11 1TP",01902731734,wednesfielddentalpractice@gmail.com,https://www.nhs.uk/services/dentist/wednesfield-dental-practice/V006405,2026-06-18,2026-06-18T14:50:18.123492
Rose Lane Dental Surgery,dentist,"129 Rose Lane, 129 Rose Lane, Chadwell Heath, Romford, RM6 5NR",02085993074,roselanedental@gmail.com,https://www.nhs.uk/services/dentist/rose-lane-dental-surgery/V023602,2026-06-18,2026-06-18T14:50:18.171657
LEYTON DENTAL SURGERY,dentist,"724 High Road Leyton, London, E10 6AA",02085396022,leytondentalsurgery@gmail.com,https://www.nhs.uk/services/dentist/leyton-dental-surgery/V002894,2026-06-18,2026-06-18T14:50:18.772243
L Wong & F Wong,dentist,"845 High Road, Leytonstone, Greater London, E11 1HH",02085394720,dentalsurgerywong@gmail.com,https://www.nhs.uk/services/dentist/l-wong-and-f-wong/V002907,2026-06-18,2026-06-18T14:50:18.778935
Craven Park Dental Clinic,dentist,", 2 Craven Park, London, NW10 8SY",02089653605,info.craven.dental@gmail.com,https://www.nhs.uk/services/dentist/craven-park-dental-clinic/V002041,2026-06-18,2026-06-18T14:50:18.856094
Alexanders Dental Practice,dentist,"20 Farm Hill Road, Waltham Abbey, Essex, EN9 1NN",01992712700,info@alexandersdental.co.uk,https://www.nhs.uk/services/dentist/alexanders-dental-practice/V006331,2026-06-18,2026-06-18T14:50:20.522223
Laura Mikutyte,dentist,"409 Wakefield Road, Dalton, Huddersfield, W Yorkshire, HD5 8DB",01484422592,info@lmdentistry.co.uk,https://www.nhs.uk/services/dentist/laura-mikutyte/V003315,2026-06-18,2026-06-18T14:50:21.348039
P Doyle,dentist,"43 Moor Lane, Crosby, Liverpool, L23 2SF",01512860330,info@crosbydental.co.uk,https://www.nhs.uk/services/dentist/p-doyle/V007502,2026-06-18,2026-06-18T14:50:21.531614
SHEPWAY PHARMACY AND HEALTH CENTRE,pharmacy,"11-12 NORTHUMBERLAND CRT, NORTHUMBERLAND ROAD, MAIDSTONE, KENT, ME15 7LW",01622751251,shepway@kmcaregroup.com,https://www.nhs.uk/services/pharmacy/shepway-pharmacy-and-health-centre/FYC72,2026-06-18,2026-06-18T15:09:52.291030
EARLESTOWN PHARMACY AND HEALTH CLINIC,pharmacy,"65 MARKET STREET, EARLESTOWN, NEWTON-LE-WILLOWS, MERSEYSIDE, WA12 9BS",01925226153,earlestown@kmcaregroup.com,https://www.nhs.uk/services/pharmacy/earlestown-pharmacy-and-health-clinic/FYM24,2026-06-18,2026-06-18T15:09:52.446763
PHARMACY @ HOME LTD,pharmacy,"32 OAKWOOD GARDENS, GATESHEAD, NE11 0DE",01912508705,Info@pharmacyathome.onmicrosoft.com,https://www.nhs.uk/services/pharmacy/pharmacy-home-ltd/FGJ57,2026-06-18,2026-06-18T15:09:52.511378
Barugh Green Pharmacy,pharmacy,"12 Higham Common Road, Barugh Green, Barnsley, South Yorkshire, S75 1LD",01226391881,barughgreen.pharmacy@warwickltd.co.uk,https://www.nhs.uk/services/pharmacy/barugh-green-pharmacy/FWX74,2026-06-18,2026-06-18T15:09:52.763436
BREDBURY PHARMACY,pharmacy,"238-240 STOCKPORT RD WEST, BREDBURY, STOCKPORT, SK6 2AN",01615114261,bredburypharmacy@gmail.com,https://www.nhs.uk/services/pharmacy/bredbury-pharmacy/FAN58,2026-06-18,2026-06-18T15:09:53.407098
CITY PHARMACY,pharmacy,"39/41 BOROUGH HIGH STREET, LONDON, SE1 1LZ",02074072061,info@citypharamcy.org.uk,https://www.nhs.uk/services/pharmacy/city-pharmacy/FWY71,2026-06-18,2026-06-18T15:09:53.683462
HAWKEYS LANE PHARMACY,pharmacy,"HAWKEYS LANE HEALTH CTRE, HAWKEYS LANE, NORTH SHIELDS, TYNE & WEAR, NE29 0SF",01912572667,pharmacy.fx105@nhs.net,https://www.nhs.uk/services/pharmacy/hawkeys-lane-pharmacy/FX105,2026-06-18,2026-06-18T15:09:53.836262
Pharmacy Express,pharmacy,"Hilary House, Front Street, Kelloe, Co.Durham, DH6 4PE",01913779445,pharmacyexpress.kelloe@nhs.net,https://www.nhs.uk/services/pharmacy/pharmacy-express/FVC46,2026-06-18,2026-06-18T15:09:53.915236
Pharmacy Express,pharmacy,"105 LINTHORPE ROAD, MIDDLESBROUGH, CLEVELAND, TS1 5DD",01642244328,pharmacyexpress.middlesbrough@nhs.net,https://www.nhs.uk/services/pharmacy/pharmacy-express/FTN67,2026-06-18,2026-06-18T15:09:53.995300
ALBION ROAD PHARMACY,pharmacy,"18 ALBION ROAD, NORTH SHIELDS, TYNE & WEAR, NE29 0HT",01912570039,pharmacy.fnk50@nhs.net,https://www.nhs.uk/services/pharmacy/albion-road-pharmacy/FNK50,2026-06-18,2026-06-18T15:09:53.997999
Eaglescliffe Pharmacy,pharmacy,"Unit 4 Orchard Parade, 18 Durham Lane, Eaglescliffe, Cleveland, TS16 0EH",01642782676,pharmacy.fmw76@nhs.net,https://www.nhs.uk/services/pharmacy/eaglescliffe-pharmacy/FMW76,2026-06-18,2026-06-18T15:09:54.060496
Healthways Chemist,pharmacy,"38A MIDDLETON GRANGE, SHOPPING CENTRE, HARTLEPOOL, CLEVELAND, TS24 7RY",01429863504,pharmacy.fnf99@nhs.net,https://www.nhs.uk/services/pharmacy/healthways-chemist/FNF99,2026-06-18,2026-06-18T15:09:54.062602
PHARMACY EXPRESS,pharmacy,"9 DAMSON COURT, ORCHARD ROAD, DARLINGTON, COUNTY DURHAM, DL3 6JA",01325481152,pharmacy.fk431@nhs.net,https://www.nhs.uk/services/pharmacy/pharmacy-express/FK431,2026-06-18,2026-06-18T15:09:54.120478
WYNYARD ROAD PHARMACY,pharmacy,"29 WYNYARD ROAD, HARTLEPOOL, CLEVELAND, TS25 3LB",01429273641,pharmacy.ffc16@nhs.net,https://www.nhs.uk/services/pharmacy/wynyard-road-pharmacy/FFC16,2026-06-18,2026-06-18T15:09:54.215730
Porlock Pharmacy,pharmacy,"DOVERHAY, HIGH STREET, PORLOCK, SOMERSET, TA24 8PT",01643862455,pharmacy.fnw91@nhs.net,https://www.nhs.uk/services/pharmacy/porlock-pharmacy/FNW91,2026-06-18,2026-06-18T15:09:54.502492
CAPE HILL PHARMACY,pharmacy,"CAPE HILL MEDICAL CENTRE, RAGLAN ROAD, SMETHWICK, WEST MIDLANDS, B66 3NR",01215172029,capehillpharmacy@gmail.com,https://www.nhs.uk/services/pharmacy/cape-hill-pharmacy/FG316,2026-06-18,2026-06-18T15:13:18.381826
Hempstead Pharmacy,pharmacy,"148B HEMPSTEAD ROAD, HEMPSTEAD, GILLINGHAM, KENT, ME7 3QE",01634376674,pharmacy.fnl61@nhs.net,https://www.nhs.uk/services/pharmacy/hempstead-pharmacy/FNL61,2026-06-18,2026-06-18T15:13:19.467191
Chemist Cares,pharmacy,"37 Myrtle Street, Vine Court, Liverpool, L7 7AJ",01517097796,chemistcares@hotmail.com,https://www.nhs.uk/services/pharmacy/chemist-cares/FEG32,2026-06-18,2026-06-18T15:13:19.734103
Sparkhill Pharmacy,pharmacy,"805-807 STRATFORD ROAD, SPARKHILL, BIRMINGHAM, B11 4DA",01217778855,pharmacy.fg482@nhs.net,https://www.nhs.uk/services/pharmacy/sparkhill-pharmacy/FG482,2026-06-18,2026-06-18T15:13:20.746024
Aj Campbell,pharmacy,"133 BATH ROAD, SLOUGH, BERKSHIRE, SL1 3UR",01753521968,ajc133@btconnect.com,https://www.nhs.uk/services/pharmacy/aj-campbell/FF352,2026-06-18,2026-06-18T15:13:20.787524
Livesey Pharmacy,pharmacy,"238 LIVESEY BRANCH ROAD, BLACKBURN, BB2 4QL",01254582872,Liveseypharmacy@outlook.com,https://www.nhs.uk/services/pharmacy/livesey-pharmacy/FV989,2026-06-18,2026-06-18T15:13:21.137786
VITAL CARE PHARMACY,pharmacy,"VAUXHALL HEALTH CENTRE, 111-117 LIMEKILN LANE, LIVERPOOL, L5 8XR",01512070526,Medshealthcare.management@gmail.com,https://www.nhs.uk/services/pharmacy/vital-care-pharmacy/FKW12,2026-06-18,2026-06-18T15:13:21.155034
Mediwise Pharmacy,pharmacy,"32 BRIGHTON ROAD, SALFORDS, REDHILL, SURREY, RH1 5BX",01737887771,salfords@mediwisepharmacy.co.uk,https://www.nhs.uk/services/pharmacy/mediwise-pharmacy/FGX59,2026-06-18,2026-06-18T15:13:21.228506
OLDHAM PHARMACY,pharmacy,"OLDHAM INT CARE CENTRE, NEW RADCLIFFE STREET, OLDHAM, OL1 1NL",01617110169,oldhamicc@gmail.com,https://www.nhs.uk/services/pharmacy/oldham-pharmacy/FEA75,2026-06-18,2026-06-18T15:13:21.505338
Khan Pharmacy,pharmacy,"168 ROUNDHAY ROAD, LEEDS, LS8 5PL",01132359377,khanpharmacyleeds@yahoo.co.uk,https://www.nhs.uk/services/pharmacy/khan-pharmacy/FWJ72,2026-06-18,2026-06-18T15:13:22.705628
G Lowe Chemist,pharmacy,"203 EAST LANE, WEMBLEY, MIDDLESEX, LONDON, HA0 3NG",02089044197,glowepharmacy@gmail.com,https://www.nhs.uk/services/pharmacy/g-lowe-chemist/FJT83,2026-06-18,2026-06-18T15:13:25.342097
Busbys Pharmacy,pharmacy,"9 GROVE PARK ROAD, CHISWICK, LONDON, W4 3RS",02089946087,busbys.fll05@nhs.net,https://www.nhs.uk/services/pharmacy/busbys-pharmacy/FLL05,2026-06-18,2026-06-18T15:13:25.578680
Broom Road Medical Practice,GP surgery,"23 Broom Road, Shirley, Croydon, Surrey, CR0 8NG",02087775511,broomroad.practice@nhs.net,https://www.nhs.uk/services/gp-surgery/broom-road-medical-practice/H83030,2026-06-18,2026-06-18T15:19:01.204445
Henmore Health - Brailsford Surgery,GP surgery,"The Green, Brailsford, Ashbourne, Derbyshire, DE6 3BX",01335360328,ddicb.thebrailsford.adminteam@nhs.net,https://www.nhs.uk/services/gp-surgery/henmore-health-brailsford-surgery/C81075,2026-06-18,2026-06-18T15:19:02.761121
Royal Docks Pharmacy,pharmacy,"23 EAST HAM, MANOR WAY, BECKTON, LONDON, E6 5NA",02075114157,royaldockseastham.pharmacy@nhs.net,https://www.nhs.uk/services/pharmacy/royal-docks-pharmacy/FGX30,2026-06-18,2026-06-18T15:29:09.106464
Hockley Pharmacy,pharmacy,"5-7 BROAD PARADE, HOCKLEY, ESSEX, SS5 5DA",01702203233,NHSPHARMACY.HOCKLEY.HOCKLEYPHARMACYFW105@NHS.NET,https://www.nhs.uk/services/pharmacy/hockley-pharmacy/FW105,2026-06-18,2026-06-18T15:29:09.119145
Hemants Chemists,pharmacy,"10 DERWENT PARADE, SOUTH OCKENDON, ESSEX, RM15 5EE",01708853188,hemantspharmacy@gmail.com,https://www.nhs.uk/services/pharmacy/hemants-chemists/FNT35,2026-06-18,2026-06-18T15:29:09.777434
Orbis Pharmacy,pharmacy,"148 CLAPHAM HIGH STREET, LONDON, SW4 7UH",02076229020,pharmacy.fq054@nhs.net,https://www.nhs.uk/services/pharmacy/orbis-pharmacy/FQ054,2026-06-18,2026-06-18T15:29:10.072471
Thornton Heath Pharmacy,pharmacy,"27 HIGH STREET, THORNTON HEATH, SURREY, CR7 8RU",02086844185,thorntonheathpharmacy@outlook.com,https://www.nhs.uk/services/pharmacy/thornton-heath-pharmacy/FDK71,2026-06-18,2026-06-18T15:29:10.487495
FRIARWOOD PHARMACY,pharmacy,"CARLETON GLEN, PONTEFRACT, WEST YORKSHIRE, WF8 1SU",01977703667,friarwood.pharmacy@hotmail.com,https://www.nhs.uk/services/pharmacy/friarwood-pharmacy/FMA08,2026-06-18,2026-06-18T15:29:10.637310
Harfleur Chemist,pharmacy,"107 TOWER BRIDGE ROAD, LONDON, SE1 4TW",02074070051,pharmacy.ftp89@nhs.net,https://www.nhs.uk/services/pharmacy/harfleur-chemist/FTP89,2026-06-18,2026-06-18T15:29:10.995303
Madesil Pharmacy,pharmacy,"20 MARYLEBONE HIGH STREET, LONDON, W1U 4PB",02079353078,PHARMACY@MADESIL..COM,https://www.nhs.uk/services/pharmacy/madesil-pharmacy/FT749,,2026-06-18T15:29:11.106035
BRIDGNORTH ROAD PHARMACY,pharmacy,"41 BRIDGNORTH ROAD, COMPTON, WOLVERHAMPTON, WV6 8AF",01902753325,bridgnorthpharmacy@yahoo.co.uk,https://www.nhs.uk/services/pharmacy/bridgnorth-road-pharmacy/FDA94,2026-06-18,2026-06-18T15:29:11.110947
Muhammads Pharmacy,pharmacy,"829 ROMFORD ROAD, MANOR PARK, LONDON, E12 6EA",02089117030,info@muhammadspharmacy.co.uk,https://www.nhs.uk/services/pharmacy/muhammads-pharmacy/FE374,2026-06-18,2026-06-18T15:29:11.275855
TEAN PHARMACY,pharmacy,"19 High Street, Upper Tean, Stoke-on-Trent, Staffordshire, ST10 4DY",01538722405,pharmacy.fgl41@nhs.net,https://www.nhs.uk/services/pharmacy/tean-pharmacy/FGL41,2026-06-18,2026-06-18T15:29:11.732245
Bingham Pharmacy,pharmacy,"23 EATON PLACE, BINGHAM, NOTTINGHAMSHIRE, NG13 8BD",01949839978,dhiren.raval@nhs.net,https://www.nhs.uk/services/pharmacy/bingham-pharmacy/FFD37,2026-06-18,2026-06-18T15:29:12.553804
Hengate Pharmacy,pharmacy,"MANOR ROAD HEALTH CENTRE, MANOR ROAD, BEVERLEY, HU17 7BZ",01482868208,pharmacy.fnd71@nhs.net,https://www.nhs.uk/services/pharmacy/hengate-pharmacy/FND71,2026-06-18,2026-06-18T15:29:12.952724
PHARMACY EXPRESS,pharmacy,"KNEBWORTH HEALTH CENTRE, 7 ST MARTINS ROAD, KNEBWORTH, HERTFORDSHIRE, SG3 6ER",01438813008,Pharmacy.flh98@nhs.net,https://www.nhs.uk/services/pharmacy/pharmacy-express/FLH98,2026-06-18,2026-06-18T15:29:13.747982
PHYNIX PHARMACY,pharmacy,"HEBBURN HLTH CTR PHARMACY, ROTHER CLOSE, HEBBURN, TYNE & WEAR, NE31 2SP",01914834371,pharmacyfnk13.repeats@nhs.net,https://www.nhs.uk/services/pharmacy/phynix-pharmacy/FNK13,2026-06-18,2026-06-18T15:29:14.036149
Harden Pharmacy,pharmacy,"2 WILSDEN ROAD, BINGLEY, BD16 1JP",01535271211,hardenpharmacy@hotmail.co.uk,https://www.nhs.uk/services/pharmacy/harden-pharmacy/FTA79,2026-06-18,2026-06-18T15:29:14.374599
Benjamin Chemist,pharmacy,"190 S/NEWINGTON HIGH ST, STOKE NEWINGTON, LONDON, N16 7JD",02072542696,benjaminschemist@nhs.net,https://www.nhs.uk/services/pharmacy/benjamin-chemist/FRD47,2026-06-18,2026-06-18T15:29:15.079987
Meads Pharmacy,pharmacy,"399 Alexandra Avenue, Harrow, London, HA2 9SG",02088661754,meadspharmacy399@gmail.com,https://www.nhs.uk/services/pharmacy/meads-pharmacy/FVW50,2026-06-18,2026-06-18T15:29:15.218435
SPRINGFIELD PHARMACY,pharmacy,"19 HIGH STREET, HARPENDEN, HERTFORDSHIRE, AL5 2RU",01582712104,Springfieldpharmacy19@gmail.com,https://www.nhs.uk/services/pharmacy/springfield-pharmacy/FN771,2026-06-18,2026-06-18T15:29:15.282632
Uk Pharmacy Ltd,pharmacy,"286 Abbeydale Road, Sheffield, South Yorkshire, S7 1FL",01142589880,pharmacy.fpx15@nhs.net,https://www.nhs.uk/services/pharmacy/uk-pharmacy-ltd/FPX15,2026-06-18,2026-06-18T15:29:15.744025
Kingfisher Chemist Ltd,pharmacy,"192 KIRKGATE, WAKEFIELD, WEST YORKSHIRE, WF1 1UE",01924291898,pharmacy.fx318@nhs.net,https://www.nhs.uk/services/pharmacy/kingfisher-chemist-ltd/FX318,2026-06-18,2026-06-18T15:29:15.811593
Farley Hill Chemist,pharmacy,"3-4 MARKET SQUARE, LUTON, BEDFORDSHIRE, LU1 5RD",01582721069,farleyhillchemist@googlemail.com,https://www.nhs.uk/services/pharmacy/farley-hill-chemist/FLM05,2026-06-18,2026-06-18T15:29:15.974411
Glade Pharmacy,pharmacy,"VICTORIA ROAD, MARLOW, BUCKINGHAMSHIRE, SL7 1DS",01628482078,gladepharmacy@nhs.net,https://www.nhs.uk/services/pharmacy/glade-pharmacy/FVT83,2026-06-18,2026-06-18T15:29:16.059228
THE STOREHOUSE PHARMACY,pharmacy,"THE STORE HOUSE, RAINTON GATE, HOUGHTON-LE-SPRING, COUNTY DURHAM, DH4 6SQ",01915847586,pharmacy.fx194@nhs.net,https://www.nhs.uk/services/pharmacy/the-storehouse-pharmacy/FX194,2026-06-18,2026-06-18T15:29:16.103967
